,LABEL,Headline
0,bitcoin,rose friday adding previous close
1,bitcoin,investors dipping toes crypto waters bumper month
2,bitcoin,surges rally intact analyst says could awaken dormant long term bulls benzinga
5,bitcoin,looking steady week
6,bitcoin,salvador became first country world recognize legal tender years approved wednesday would regulate issuance digital assets state private entities
7,bitcoin,charge dragging crypto market floor electrifying bonk meme coin
8,bitcoin,skybridge capital betting sustained turnaround cryptocurrency markets firm founder anthony scaramucci said admitting view overly bullish
9,bitcoin,silvergate stock surged monday weekend
10,bitcoin,period highly negative sentiment seen suspiciously solid floors finance professor john griffin told fortune
11,bitcoin,bond issuance originally planned early salvador seeks raise billion called volcano bonds
12,bitcoin,invest bull case million base case
13,bitcoin,investors piling back crypto markets jumping year date
14,bitcoin,crypto asset manager grayscale investments gearing prolonged legal fight securities exchange commission create spot exchange traded fund company chief executive officer said
15,bitcoin,bloodbath crypto tesla billion backfire elon musk carmaker dumped least position
16,bitcoin,crypto giant binance processed almost million bitzlato digital currency exchange whose founder arrested authorities last week allegedly running money laundering engine blockchain data seen reuters show
17,bitcoin,surge continues crypto first time since collapse early november coindesk reports largest cryptocurrency market capitalization started week near mark hovering
18,bitcoin,exchanging ether example taxable event eyes even receive dollars
19,bitcoin,investors made large shift away short bets last week token price climbed january
20,bitcoin,character simpsons episode says behold wonders china mines forced labor camps children make smartphones
21,bitcoin,interview insider invesco brian levitt breaks money dollar looks weaken could climb
22,bitcoin,taleb said stock market expensive relative current interest rates championed warren buffett investing style trashed
23,bitcoin,jpmorgan survey institutional traders found plan trading digital assets year
24,bitcoin,york times covered research authored john griffin finance professor university texas hong kong based bitfinex largest least regulated exchanges industry
26,bitcoin,despite volatile nature crypto millionaires still want ahead curve
27,bitcoin,investors losing faith fashionable technobabble turning gold rock ages nobel prize winner paul krugman suggested
28,bitcoin,crypto accepted candy gifts capitol says senator cruz another getting resolution passed
29,bitcoin,bridgewater associates founder also told cnbc sees china yuan digital renminbi making gains
30,bitcoin,hacker groups associated north korea lazarus group responsible theft last june million crypto firm harmony horizon bridge federal bureau investigation said monday
31,bitcoin,move higher comes crypto prices enjoy sustained rally industry market reclaiming trillion weekend
32,bitcoin,crypto company digital currency group center industry latest meltdown companies genesis froze customer withdrawals november
33,bitcoin,eyes meeting next week central bank expected announce smaller increase benchmark rate
34,bitcoin,mentioned lastpass story closing couple weeks details still scarce hope lastpass would release transparent information happened
35,bitcoin,reporting crypto transactions taxes important ever experts right
36,bitcoin,bucked wider downward trend meme token surged tuesday amid reports elon musk plan twitter payments
37,bitcoin,faltering digital asset firm filed chapter month enduring double whammy exposure tothree arrows capital
38,bitcoin,threats impending cryptocurrency regulation dominated headlines recent months lost crypto investors protections stand federal crypto showdown
39,bitcoin,jamie dimon previously compared crypto tokens rocks called industry complete sideshow collapse
40,bitcoin,news days revelation luke dashjr core developer wallet compromised lost small fortune something shock guessing
41,bitcoin,cambiado puristas contentos centro debate gira alrededor ordinales nuevo protocolo creado casey rodarmor permite inscribir artefactos digitales cadena bloques
42,bitcoin,prosecutors confirmed lazarus group behind june hack crypto firm harmony billion converted
43,bitcoin,bankman fried hedge fund alameda research hand relied heavily token created
44,bitcoin,heatbit space heater allegedly uses energy produced calculation intensive mining heat home also costs though company insists cover electricity bills payments
45,bitcoin,hablar criptomonedas hablar promesas promesas siempre cumplen lleg hundirse niveles perdiendo mitad valor arrastrando consigo enorme crisis dentro territorio cripto pero todo baja puede
46,bitcoin,jersey faces years behind bars hired hitman paid kill year prosecutors said
47,bitcoin,early count chickens price action since yesterday encouraging crypto executive told insider
48,bitcoin,crypto needs adult supervision needs goldman sachs morgan stanley blackrock come saylor said
49,bitcoin,elon musk billion tesla turned deal sunk funds january trading simultaneously announced tesla would begin accepting announc
50,bitcoin,ransomware cyber gangs made million sounds money compare record estimated profits million told hackers managed extort less victims past year year
51,bitcoin,unprecedented layoffs tens thousands highly qualified computer nerds apparently place always turn really desperate dark recent report security firm kaspersky shows
52,bitcoin,former employee network technology provider ubiquiti pleaded guilty multiple felony charges posing anonymous hacker attempt extort almost million worth cryptocurrency employed company report nickolas
53,bitcoin,look five trends expect blockchain crypto
54,bitcoin,launches deserve every second crypto wolf streets trader scott melker said
55,bitcoin,german online bank said tuesday would expand list countries customers trade include germany switzerland
56,bitcoin,crypto outlet coindesk exploring full partial sale business hired investment bank lazard href wwreuterscom companies lazn target blank lazn lead process media company chief executive said
57,bitcoin,semafor planning founder bankman fried roughly million investment news startup york times reported wednesday citing company chief executive officer
58,bitcoin,salvador repaid million bond finance minister alejandro zelaya said monday bond mature central american country faced pressure make progress cutting debt
59,bitcoin,companies scheduled release fourth quarter earnings results week
60,bitcoin,eigentlich wollte justiz hunderte bitcoins eines gest ndigen geldw schers beschlagnahmen doch sein bruder konnte sich kryptogelds chtigen
61,bitcoin,mitteilte halten verschiedene rden bundes rund investment habe aber nicht angeschafft
62,bitcoin,another exciting announcement country salvador announced passing digital asset issuance legislation proposed last november digital asset regulatory framework paves much anticipated volc
63,bitcoin,hong kong securities watchdog propose subset tokens would allow retail investors trading chief executive said wednesday presses regulatory regime make city friendly crypto startups
64,bitcoin,presentation sony announced afeela brand electric cars collaboration honda seems fairly standard futuristic concept first glance albeit slightly sillier name save function particular
65,bitcoin,thursday report investors turn attention fourth quarter earnings kick friday banks
66,bitcoin,alphabet follows microsoft meta others tech giants announcing mass layoffs wall street continues brace economic downturn
67,bitcoin,treasury took extraordinary measures thursday meet obligations officially debt ceiling congress
68,bitcoin,despite recession fears labor market solid jobless claims unexpectedly fell last week economist forecasts
69,bitcoin,gross domestic product fourth quarter rose annualized pace commerce department said thursday
70,bitcoin,earnings season heating industrial giants reporting early tuesday tech heavyweights later
71,bitcoin,ukraine financial sanctions continue weigh country sberbank eyeing foray crypto
72,bitcoin,insider hallam bullock rounded markets stories including tips stocks expect rest
73,bitcoin,insider phil rosen speaks executive behind driven fund leverages watson supercomputer
74,bitcoin,outlook crypto horrible great galaxy digital said time heal rebuild narrative
75,bitcoin,core increased december year november annual pace line forecasts
76,bitcoin,gained week nasdaq jumped
77,bitcoin,companies reported earnings beat profit estimates median according fundstrat
78,bitcoin,companies reported earnings beat profit estimates median according fundstrat
79,bitcoin,first last recent enormous implosion cryptocurrency industry previously seen examples parade external theft internal theft anti money laundering failures cybercrime enablement loss cryptographic keys
80,bitcoin,geldw scher diebesbr arbeitnehmer tsmc prognose ermahnt tiktok chef kritik heren rundfunkgeb hren
81,bitcoin,african currencies plunged last year federal reserve interest rate hikes drove dollar higher promoted crypto hedge according wall street journal
82,bitcoin,ether nnen kunden bald auch smartphone bank erwerben partner bitpanda
83,bitcoin,literally crypto scam criminal activity total real bubble ponzi scheme going bust economist nouriel roubini said
84,bitcoin,coinbase stock recovery mode slammed
85,bitcoin,prospect part twitter payments ecosystem ramped meme coin gain january
86,bitcoin,alameda research received billion genesis height lending relationship according wall street journal
87,bitcoin,chairman jerome powell said conference stockholm restoring price stability requires unpopular decisions
88,bitcoin,strengthening balance sheet reducing operating expenses preserving liquidity according shareholder letter seen bloomberg
89,bitcoin,december report inform investors whether federal reserve needs continue hiking interest rates aggressively
90,bitcoin,half companies reported fourth quarter earnings companies beat profit estimates median
91,bitcoin,would assume industry learn failures come things head innovation told reuters
92,bitcoin,cuban touted voyager multiple occasions previously calling bankrupt crypto lender close risk free gonna
93,bitcoin,customers japan february withdraw holdings crypto exchange
94,bitcoin,floki another shiba themed token named musk soaring plans burn tokens remove circulation
95,bitcoin,bond yields soared friday january jobs report showed payroll gains unemployment rate year
96,bitcoin,easy cash impact felt world markets hopeful pain aggressive rate hikes high inflation passed
97,bitcoin,investment banker barry silbert worked highest profile corporate failures founder venture capital firm digital currency group parent troubled crypto firm genesis grappling problems closer home
98,bitcoin,salvador cleared million bond payment hurdle week lingering concerns financing sources fiscal policy focus country prepares annual visit international monetary fund
99,bitcoin,founder defunct cryptocurrency business sentenced tuesday eight years prison defrauding investors customers millions dollars marketing virtual currency called coin lies half truths
100,bitcoin,bankrupt crypto exchange said report creditors tuesday million cryptocurrency stolen result hacks
101,bitcoin,collapse prices digital assets past year allow investors focus true value technology distributed ledger smart contracts built former reserve bank india governor raghuram
102,bitcoin,global exchange kucoin offers multiple payment options nfts traders limited access
103,tether,four owned according investigatory documents viewed wall street journal coindesk reports documents probes york attorney general federal commodity futures trading commission
104,tether,general secretary says ahead wednesday strike teachers undervalued underpaid overworked teachers mary bousted national education union said government called last ditch talks monda
105,tether,cryptocurrency exchange cryptocom longer facilitate transactions involving canada plans delist largest stablecoin market capitalization customers region decrypt reports cryptocom delisted usdt users
106,tether,firm helmed inspector gadget creator lucrative ties bankman fried failed exchange forbes reported
107,tether,every device native network iphone wireless hotspot devices robust connection availableset personal hotspot iphone provide devices
108,tether,girls sexually assaulted vision tests officials said
109,tether,joanna lumley delights musical exchanges real husband turns comedy fictional spouse excellent aleks krotoski tells story cryptocurrency bruce pulls shockerjoanna maestro nuzzle burning
110,tether,year pupil milly bell headteacher elisabeth broers united support teachers going strike weekafter three years disrupted education form home learning bubbles incessant mask wearing classmates want
111,tether,want access iphone internet connection teach methods wired wireless
112,tether,indian fishermen stranded remote island found innovative ways survive
113,tether,york times covered research authored john griffin finance professor university texas hong kong based bitfinex largest least regulated exchanges industry
115,tether,felt failure found breastfeeding painful visual helped make sense mothers divine mothers royal mothers ancient clay statuettes pregnant women contemporary explorations birth
116,tether,former labour sheffield hallam accused making fraudulent expenses claims nearly former labour accused expenses fraud thousands pounds debt drug dealer regularly took five grams cocaine court
117,tether,capture holt rliche farben feine details dateien heraus hersteller workflow gebasteltwir haben version getestet
118,tether,insider phil rosen explains strangest latest developments surrounding defunct crypto firm founder bankman fried
121,tether,pleiten skandalen gezeichnete kryptow hrungsbranche kommt nicht ruhe gleich mehrere firmen beginnen jahr entlassungen
122,tether,highlight cool technologies mentioned dark forest
123,tether,twitter announced free access likely bringing sites popular accounts
124,tether,three winner year
125,tether,crypto asset exchange wallet provider cryptocom announced delist world leading stablecoin canadians cryptocom recently emailed canadian customers notifying would supported
126,tether,world largest stablecoin market capitalization never received loan bankrupt cryptocurrency lender celsius according chief technology officer paolo ardoino bitfinex crypto exchange took twitter
127,tether,apple pencil samsung microsoft surface pretty great also expensive replace lose zooploop solves problem silicone loops around tablet case securely grips styluses
128,tether,link offered first affordable router archer even cheaper limited time sale
129,tether,submitted gabriel colinif looking reliable attach gear pouch even trayvax link provides strength convenience need link features extremely simple efficient design
130,tether,name suggests studio cart video cart tethering cart cart studio studio grows need move things around studio cart really help workflow obviously help move things around
131,tether,verhaftungen darunter betreiber kryptob bitzlato melden rden beidseits atlantik bitzlato soll drogen segeld gewaschen haben
132,tether,netflix quiet western front proves surprise awards season better time list guide readers favourite films languages film reigned supreme nominations baftas week surprisingly
133,tether,dive right deep complicated crypto market three popular well known easy understand
134,tether,grown popularity since collapse frequently reaches daily transfer volumes four five times recorded major competitor usdt according data blockchain analytics firm glassnode despite market
135,tether,nikon released versions picture control utility studio details nikon picture control utility version added support firmware version added support macos ventura version picture control utility
136,tether,heimliche macht kryptomarkt stablecoin nnen anleger kursgewinne anderen kryptow hrungen absichern doch gibt einige probleme
137,tether,post contains spoilers last video game series name
139,tether,well played feds next ransomware rampant strong passwords important
141,tether,vivianne castillo argues designer relationship hope outsized impact values research practice
143,tether,week morning train reads raises rates says done think even says expects ongoing rate hikes expect next move rates year morningstar boom times online classi
144,tether,rush first true game year contender delivering unforgettable rhythm action experience
145,tether,stablecoin usage continues climb hundreds thousands users relying dollar pegged every
146,tether,highly volatile asset class many digital coins considered speculative invest safely volatile market
147,tether,coinspeaker demand usdc stablecoin skyrockets collapse following series events took place appears circle issued usdc stablecoin suddenly found favorite option among crypto users according
148,tether,coinspeaker cryptocom delists usdt canadians following leading global exchanges cryptocom announced decision delist usdt stablecoin canadians order comply instructions ontario securities
149,tether,salvador faced tough year making legal tender country country legislative assembly voted pass historic digital asset issuance legislation expected stage issuing president nayib bukele
150,tether,jpmorgan jamie dimon previously slammed ponzi scheme thursday told cnbc squawk crypto decentralised ponzi scheme hyped fraud dimon says people lost billions dollars believes
151,tether,leading financial institution moody corporation reportedly working scoring system stablecoins assessing quality reserves attestation bloomberg reported bloomberg citing person familiar matter repo
152,tether,sister wives robyn brown kody brown remaining wife sole reality blue light online rights forums finally melted frontal lobe right ears said something misogynistic sunday season finale epis
153,tether,moody wants build scoring system stablecoins market grows amid increased regulatory attention system provide rating system stablecoins based quality reserve attestations leading stablecoins market
154,tether,coinspeaker crypto winter looks thaw paving takeovers coin eyes coin eyes coin glides passed million mark weekend currently presale coin gathered increasing legion
155,tether,price broke descending resistance line despite overwhelmingly bearish news firstly firm announced would delist usdt canadians order comply canadian securities administrators days late
156,tether,paranoia turmoil crypto industry caused liquidity bankruptcy scandal major digital asset service providers space began publicizing reserve funds latest join proof reserve trend indian
157,tether,former prime minister boris johnson reportedly received record breaking million million donation thailand based cryptocurrency investor bitifinex parent company shareholder friday updated register interests reveals
158,tether,near trillion collapse crypto market make dent traditional assets stocks real economy academic warned failure major stablecoin could impact bond market marking
159,tether,japan regulations allowing investors trade using stablecoins usdt expected adopted later june according local financial authority financial services agency japan working lifting
160,tether,posted last week poll smartphone charging speeds kept hours minutes minutes options evenly matched outpacing answers poll things started turn
162,tether,latest distributed ledger columns marketwatch weekly look important moves news crypto
163,tether,today nikon released version wireless transmitter utility support latest added support macos ventura version ended support macos catalina version
165,tether,flashback troubled army program
171,tether,benro preparing release tripods kickstarter called benro theta theta sort smart tripods biggest features boast auto levelling tripods world first
172,tether,usdt visa mastercard
174,tether,video test fujifilm canon studio camera originally intended compare image quality fuji megapixel cropped sensor canon megapixel full frame sensor
175,tether,commenc soci distinctes dirig ancien chirurgien plasticien giancarlo devasini ancien enfant acteur brock pierce devasini velopper bourse crypto bitfinex maintenant directeur financier
176,tether,algorithmic stablecoins controversial several reasons trust
177,tether,since merge change blockchain
178,tether,wanted create simple accessory prevent golfer losing airborne said inventors sugar hill
179,tether,snoopy come home world famous astronaut splashed nasa artemis orion spacecraft december month later beagle removed capsule
180,tether,takiego czenia spodziewa picodi binance
182,tether,darpa wants satellites closer earth drag resistance thermosphere miles miles planet darpa wants earth orbit vleo orbits less
183,tether,usdt stablecoin issuer never borrowed celsius paolo ardoino said response statements celsius examiner report
184,tether,collaborates inhope disrupt illegal fund online exchange child abuse material
185,tether,york attorney general commodity futures trading commission probes exposed previously unknown ownership structure
186,tether,today edition download weekday newsletter provides daily dose going world technology indian health care workers whatsapp save pregnant women across india women cadre million communit
188,tether,likely survive firms currencies crash burn
189,tether,radware ddos passion passion killnet mirai venom
190,tether,climbing show produced jason momoa proof competitions team effort
191,tether,move comes quality stablecoin reserves continues receive scrutiny
192,tether,bien couverture cesse tendre faut avouer tout monde toujours enseigne heureusement solutions existent pour dier parmi elles link teur routeur teur
193,tether,logan paul convinced fans invest millions several crypto projects including cryptozoo liquid marketplace many lost money
194,tether,reached italian architect alfredo vanotti snug stone house italian countryside anticipate deep architect place would building used past stable
195,tether,usdc stablecoin issued circle seen transfer volumes surge following fallout often recording daily volumes leading competitor usdt issued boasts market billion
196,tether,registered cryptocurrency exchanges ontario canada cannot list usdt regulatory prohibition
197,tether,council utility workers city dnipro seen dismantling giant statue previously placed centre city monument russian scientist
198,tether,pair north korean hacker groups behind june theft million crypto assets horizon bridge federal bureau investigation said monday statement
199,tether,move first expansion stargate beyond layerzero technology
200,tether,since depegging terrausd consumers become critical stablecoins work paolo ardoino chief technology officer popular stablecoin usdt breaks stablecoins work responds frequently
201,tether,eine kurzer dauer indische adani gruppe verliert nach angriff shortsellers hindenburg research weiter massiv wert leerverk ufer einen reichsten nner welt attackiert
202,tether,crypto exchange huobi blocked funds tied hack monday morning
203,tether,need replacement dbal illuminator cover available black coyote brown ranger green wolf grey wooldand multicam multicam alpine multicam arid multicam tropic made laser berry compliant brookwood
204,tether,best casinos offer unparalleled gaming experience much many punters abandoned traditional online casinos stablecoin pegged united states dollar allowing avoid usual cryptocurrency vola
205,tether,along degree camerawork well timed laughter whole alberta town came together make societal collapse feel true show version
206,tether,half price available online
211,tether,crypto exchange said timing mismatch backing binance busd busd seemingly showing data stablecoin fully backed times
212,tether,hypergrowth cloud stock still room
213,tether,signing online casino
216,tether,move comes canadian securities administrators committed stronger oversight crypto exchanges following collapse
217,tether,algorithmic stablecoins terrausd accepted planned regulatory regime hong kong monetary authority said
218,tether,japan plans introduce regulations june year allow domestic investors trade certain stablecoins overseas
219,tether,gained nearly year world largest cryptocurrency track best month since
220,tether,tanmay misra writes india looking become great power world stage ability seems draining within pravasi bharatiya diwas seeks paper contradiction things
221,tether,sistema incluir lise stablecoins base qualidade atestados reservas apoiam moody trabalhando sistema pontua para stablecoins tokens mais negociados setor cripto medida classe ativ
222,tether,week ebay plus deal
230,dogecoin,bucked wider downward trend meme token surged tuesday amid reports elon musk plan twitter payments
231,dogecoin,prospect part twitter payments ecosystem ramped meme coin gain january
232,dogecoin,floki another shiba themed token named musk soaring plans burn tokens remove circulation
233,dogecoin,surges rally intact analyst says could awaken dormant long term bulls benzinga
236,dogecoin,twitter owner elon musk long flirted ever integrated platform
237,dogecoin,charge dragging crypto market floor electrifying bonk meme coin
238,dogecoin,crypto little inherent value mostly driven hyped narratives pushed online market participants recent report states
239,dogecoin,warren buffett year business partner called wild speculation dearth regulation predatory nature crypto industry
240,dogecoin,eigentlich wollte justiz hunderte bitcoins eines gest ndigen geldw schers beschlagnahmen doch sein bruder konnte sich kryptogelds chtigen
241,dogecoin,learn outs starting ending whether consider investing
242,dogecoin,meme token seeing support important backer today
243,dogecoin,valued higher coinbase time panic
244,dogecoin,year fundamental catalysts supporting rise
245,dogecoin,latest distributed ledger columns marketwatch weekly look important moves news crypto
246,dogecoin,investors think long hard investing speculative token
247,dogecoin,global exchange kucoin offers multiple payment options nfts traders limited access
248,dogecoin,rose today investors upbeat trajectory interest rates
249,dogecoin,three large tokens feeling effects uncertainty related selling pressure today
250,dogecoin,arrest cryptocurrency exchange investor rattled market
251,dogecoin,market pleased results federal reserve meeting concluded yesterday afternoon
252,dogecoin,probably seen dozens examples chatgpt using generative training transformer deep learning system current models genuinely impressive google search jobs search
253,dogecoin,data reveals meme token doge fastest crypto assets decreasing carbon emissions according report foreign exchange data aggregator forexsuggest third fastest digital asset lowering carbon
254,dogecoin,verhaftungen darunter betreiber kryptob bitzlato melden rden beidseits atlantik bitzlato soll drogen segeld gewaschen haben
255,dogecoin,broad surge coins tokens compounded renewed interest coins
256,dogecoin,noviembre registr picado llevando precio reconocida criptomoneda debajo lares asemejando precio niveles finales resultaba sorprendente esta cifra estab
257,dogecoin,registered monthly high january markets remained bullish doge rallied last days reaching monthly high leading meme coin attracting heavy bullish sentiments
258,dogecoin,inflation data december line expectations
259,dogecoin,reporting crypto transactions taxes important ever experts right
260,dogecoin,cooled today good start
261,dogecoin,macroeconomic factors drivers comes right
262,dogecoin,major trading higher wednesday evening global market rose billion also best hold matters traded higher tandem stocks
263,dogecoin,cours maintient euros depuis vendredi hausse surprend investisseurs dans contexte plut morose pour march crypto
264,dogecoin,reclaimed friday afternoon reach month high eclipsing thursday rise came attorneys bankrupt cryptocurrency exchange announced recovered billion liquid assets binance coin
265,dogecoin,whales existence eyeing doge rival shiba shib according chain data keeping track biggest whales network blockchain tracker service whalestats says shib third largest holding among
266,dogecoin,investors moving interest snowfall protocol recall incredible runs doge shiba shib spring tokens built strong communities powered watering returns lots millionaires
267,dogecoin,rose week high saturday prices rose resistance level start weekend meme coin climbed strongest point since december global crypto market mostly green today session avalanche
268,dogecoin,monday elon musk surprised everyone news twitter started applying regulatory licenses enter payments business sent price soaring bitcoinist previously reported rumors
269,dogecoin,themed meme crypto appears enjoy strong ties tech billionaire twitter owner elon musk appears struggling gain enough ground major upward swing peaking january doge fell victim price
270,dogecoin,themed memecoin doge soaring news spreads elon musk reportedly making moves could bring crypto payments twitter according financial times twitter applying regulatory licenses throughout united state
271,dogecoin,ever wanted piece cryptocurrency meme history could soon luck couch original doge meme inspired doge logo coming auction block could unique piece
272,dogecoin,shiba emerged successful meme coins head head competition shiba team working relentlessly different projects community even though best year cryptoc
273,dogecoin,elon musk wake dormant wallets earlier today ancient doge address inactive years made moves address entailed doge worth huge number caught communit
274,dogecoin,market recovery began days starting show first signs weakness majority assets short term stalemate however enormous volume spike return liquidity market could sign upcomin
275,dogecoin,report gary james harmon pleaded guilty january stealing international revenue service valued approximately million time part plea gary harmon also agreed forfeit crypt
276,dogecoin,billionaire wants fast food chain accept cryptocurrency payment burgers
277,dogecoin,tuesday morning train reads declining interest rates responsible stock growth declining interest rates responsible stock growth least extremes interest rate changes always determine investm
279,dogecoin,early bonk already investors barking meme coin rally
280,dogecoin,market roaring start wall street feeling groove meme fuelled retail focused trading many ways epitomized pleasure pain whipsaw back look favorite
281,dogecoin,themed crypto built smart contract platform solana surging despite ecosystem recent struggles bonk bonk doge shiba shib rival seen significant gains since debut december
282,dogecoin,breaches financial promotions guidelines lead year prison sentence according regulator
283,dogecoin,forklog
287,dogecoin,meme coin whopping peak
288,dogecoin,article high level overview stateful utxo model invented works allows stateful utxo model sutxo main innovations brought
289,dogecoin,power influencers affecting public perception therefore causing alterations value product service asset currency increased point crash uplift entire markets content takes
290,dogecoin,cryptocurrency markets remain green consecutive days monday tuesday reached mark solana cardano rally double digit spikes bringing change pace overall enthusiasm seems
291,dogecoin,shiba price went parabolic wednesday reached high november developers wrote upcoming shibarium launch shiba shib price went parabolic investors reacted latest developments shibarium launch shib
292,dogecoin,robinhood holds roughly million worth shiba shib listing token robinhood holds billion worth assets virtual machine chains interestingly enough grogan claims roughly tagg
293,dogecoin,cryptocurrency market outflows billion last hours currently stands billion billion reporting period market decreased
294,dogecoin,paranoia turmoil crypto industry caused liquidity bankruptcy scandal major digital asset service providers space began publicizing reserve funds latest join proof reserve trend indian
295,dogecoin,since introduction inspired explosion alternative cryptocurrency coins altcoins number want invest cryptocurrency option diversify holding
296,dogecoin,data reveals shiba shib holdings world largest whales grown hundreds millions dollars less week according whale surveying platform whalestats whales gobbled
297,dogecoin,cryptocurrency market inflows billion last hours currently stands billion billion reporting period market grew billion billion
298,dogecoin,experienced massive uptick floki voted burn trillion tokens price floki floki surged past hours according provided coinmarketcap token market surpassed million
299,dogecoin,former chief executive crypto exchange bitmex arthur hayes warned disastrous global financial meltdown could crash price crypto market
300,dogecoin,chair jerome powell give speech tomorrow deliver shock wake call crypto stock markets
301,dogecoin,former chief executive crypto exchange bitmex arthur hayes warned disastrous global financial meltdown could crash price crypto market
302,dogecoin,network validator gives update launch date shibarium public beta testnet launch shib benefit greatly launch adoption bound rise possibly send prices shiba crypto market laun
303,dogecoin,following overall decline crypto market cardano recorded year coin fell four week bearish impact lost value fall december volatility remains notable attributes
304,dogecoin,performs poorly elon steps twitter litecoin mweb upgrade year snowfall protocol performed well presale stage elon musk broken silence response user poll twitter asking whether
305,dogecoin,coinspeaker crypto winter looks thaw paving takeovers coin eyes coin eyes coin glides passed million mark weekend currently presale coin gathered increasing legion
306,dogecoin,price solana based meme coin sensation bonk bonk lost momentum appears though current hype surrounding token gradually clearing data coinmarketcap showed though coin trading price
307,dogecoin,trillion shiba shib worth million moved unknown wallet late thursday happened comes hours later shib developer shytoshi kusama confirmed discord channel goal shibairum burn trillions
308,dogecoin,crypto prices remained mostly flat market opened wednesday traders await federal reserve interest rate decision comments subsequent press conference afternoon fell around accordi
309,dogecoin,projekt einem lieblinge krypto szene bernahme twitter durch tesla chef elon musk befl gelt kurs hype lohnt sich investment
310,dogecoin,projekt einem lieblinge krypto szene eine neue twitter ndigung tesla chef elon musk befl gelt kurs erneut hype diesmal lohnt sich investment
311,dogecoin,upgrade token listing sent shib tokens another nice rally past weekend
312,dogecoin,surged saturday amid optimism bottomed inflation peaked
313,dogecoin,doge room
314,dogecoin,crypto market capitalization dropped past hours following decline equity markets
316,dogecoin,biden administration said congress needs step efforts regulating crypto market
317,dogecoin,biden administration said congress needs step efforts regulating crypto market
318,dogecoin,rise analyst says killer still chance survive benzinga
321,dogecoin,analyze business strategies popular stocks might find crypto company
322,dogecoin,major suddenly leaped higher trading sideways last week
323,dogecoin,major rocketed higher week adding almost billion combined crypto market betting rally getting started
324,dogecoin,investors excited upcoming launch shibarium
325,dogecoin,hablar criptomonedas hablar promesas promesas siempre cumplen lleg hundirse niveles perdiendo mitad valor arrastrando consigo enorme crisis dentro territorio cripto pero todo baja puede
326,dogecoin,mining limited nyse btcm mining company company leading technology driven cryptocurrency mining company today
327,dogecoin,algorithmic stablecoins controversial several reasons trust
328,dogecoin,since merge change blockchain
329,dogecoin,called killer surged almost last month blockchain debut
331,dogecoin,article present views invest click picks securities avoid
332,dogecoin,price reclaims asset recovery investor investor business daily
333,dogecoin,inspired digital token start year
334,dogecoin,crypto gotten pretty good start horrid year
335,dogecoin,cryptocurrency momentum might accelerate year sizzle could also fizzle
336,dogecoin,musk backtracked accepting payments tesla believed even though created silly joke better suited transactions
337,dogecoin,recent achievement alongside active community cases could position meme coin viable financial instrument
338,polkadot,blockchain much different position year external factors incoming regulation broader market trends play significant role projects deserve substantial backing
339,polkadot,vishal chawla block
341,polkadot,cryptocurrency highest potential profit today might surprising direct investment future business online
342,polkadot,plunging price charts fool credible plans long term growth
343,polkadot,arrest cryptocurrency exchange investor rattled market
344,polkadot,large tokens finally
345,polkadot,three large tokens feeling effects uncertainty related selling pressure today
346,polkadot,global exchange kucoin offers multiple payment options nfts traders limited access
347,polkadot,three crypto names smaller less mainstream look long term winners robust business prospects
348,polkadot,riding crypto wave since start broader market rally according coingecko biggest gainers entire space altcoins among although token finding gains past weeks
349,polkadot,large tokens giving back gains accrued month
350,polkadot,smart investors keep vital stocks industry grows money flows started essential stocks cryptocurrency heart
351,polkadot,multichain blockchain ecosystem shown exciting projects crypto space racking string impressive achievements final months fourth quarter ecosystem report polkado
352,polkadot,speculative investors cryptocurrency market putting long hours trying predict coins greatest price appreciation beyond analysts however anticipate polygon matic solana orbe
353,polkadot,launching cross chain transfer protocol means snowfall protocol cross chain bridges circle founders usdc cryptocurrency launching chain utility allow users transfer usdc
354,polkadot,coin bureau host turner optimistic cosmos atom boom next crypto bull citing report electric capital turner tells million youtube subscribers layer blockchains able
355,polkadot,cryptocurrency markets remain green consecutive days monday tuesday reached mark solana cardano rally double digit spikes bringing change pace overall enthusiasm seems
356,polkadot,clothes saint laurent fall winter menswear show impeccable crowd january slew tastemakers list actors world darlings gathered paris bourse commerce witness high fashion spect
357,polkadot,rush buying liquidations spike crypto assets today
358,polkadot,according cardanoscan cardano blockchain users binance busd stablecoin without switching networks move made possible finitum bridge newest token network fmbusd finitum bridge wrappe
359,polkadot,started fresh increase support dollar correcting gains indicators suggest high chances fresh increase holding ground levels dollar price
360,polkadot,disclaimer datasets shared following article compiled online resources reflect ambcrypto research subject last week showed comparatively tendency cause price inconsis
361,polkadot,bears relinquish brief dominance paving bulls extend rally first half january observed cardano among blockchain networks highest development activity fast forward present cardano manag
362,polkadot,quickly rebounded friday hong kong falling mark news consumer price index inflation indicator rose december year earlier matching expectations
363,polkadot,hlte chsten bewerteten kryptow hrungen jahr lohnt sich anleger investment
364,polkadot,ether rose thursday afternoon trading asia along stablecoin investors anticipate signs
365,polkadot,mundo criptomoneda experimentado aumento popularidad ltimos cada personas recurren formas digitales
367,polkadot,ether little changed muted morning trading wednesday asia stablecoin moved
368,polkadot,edged higher resistance line ether traded little changed mixed early morning trading asia tuesday
369,polkadot,sidechains would make cardano scalable without compromising stability security main chain developers said
370,polkadot,foundation creator multi blockchain protocol taken twitter amplify claim token security
371,polkadot,kusama parachains allow users make secret payments
372,polkadot,businessman took beloved garden decade decided radical approach name sustainability angry critics claim plain neglectjohn curtis enemies runs sized botanical garden
373,polkadot,ether fell wednesday morning trading asia along stablecoin investors seemed taking
374,polkadot,cryptocurrency took fiasco scaring developers away otherwise promising blockchain system
375,polkadot,developers mainly focusing alternative ecosystems helping grow faster firm said report
376,polkadot,highly volatile asset class many digital coins considered speculative invest safely volatile market
377,polkadot,provides among several blockchains users maintaining high scalability speed processing transactions also known multichain network supports many parachains enabling developers build blockchai
378,polkadot,price posted significant gains last week showed recovery chart altcoins also moved direction moment however trying breach immediate resistance past
379,polkadot,finally managed break past rigid price resistance mark last hours increased past week coin secured double digit gains related reading price climbs hurdles
380,polkadot,rise analyst says killer still chance survive benzinga
383,polkadot,plataforma investimentos criptoativos pactual anunciou nesta sexta feira mais
384,polkadot,surging past altcoins riding broader crypto rally started since beginning according coingecko token trading risen past hours
385,polkadot,inched ether slipped tuesday afternoon trading asia trading lower
387,polkadot,data santiment shows number cryptocurrency market past month based development activity development activity last days according data chain analytics firm santiment
390,polkadot,auto giant technology developed hackathon increase business efficiency
391,polkadot,riding crypto wave since start broader market rally according coingecko biggest gainers entire space altcoins among although token finding gains past weeks
392,polkadot,heimliche macht kryptomarkt stablecoin nnen anleger kursgewinne anderen kryptow hrungen absichern doch gibt einige probleme
393,polkadot,ushered first week strong note rising last seven days data coingecko shows wednesday ecosystem bullish recently following trend crypto market according polkado
394,polkadot,price breached resistance mark past trading sessions last hours appreciated price surging caused altcoins also move upward respective charts
395,polkadot,green image going steady could hint price recovery even though funding rate plunged showing improvement time writing quick look price movement
396,polkadot,price started note fall daily chart could stay price significant altcoins followed suit descent chart last hours lost market value
397,polkadot,started fresh increase support dollar correcting gains indicators suggest high chances fresh increase holding ground levels dollar price
398,polkadot,aptos star studded founders market disbelief rally could fuel rise price
399,polkadot,open source software developer activity crypto peaked last june fell december according annual developer report crypto
400,polkadot,bloomberg extended declines snapping rare winning streak mood caution supplanted risk appetite drove
401,polkadot,moeda acumula valoriza quase apenas janeiro xtage plataforma criptoativos ampliou portf criptomoedas passou negociar tamb moedas nativas ecossistemas cardano litecoin solana
402,polkadot,based astar network recently announced first blockchain hackathon sponsored japanese toyota motor corporation hakuhodo company founded astar hakuhodo japan largest advertising companies host
403,polkadot,bloomberg hashkey capital raised million create asia biggest crypto investment pools betting rebound industry
404,polkadot,toyota getting involved hackathon astar network tools could improve vehicle manufacturing operations
405,polkadot,recent report dappradar revealed last year gaming centered decentralized applications rivaled defi dapps many major blockchains
406,polkadot,trong chuy giai
407,polkadot,tradfi forex model incredible aging chance system leveraging defi capable best
408,polkadot,saat ekle blockchain talks serimizin canl nyas neler bekliyor sorusunu tlayaca sizlere daha aktarm
410,polkadot,research revealed cryptocurrency best worst sentiment past three months uniswap near protocol sandbox found positive sentiment past three months solana chainlin
411,polkadot,started fresh increase support dollar consolidating gains might start fresh rally holding ground levels dollar price trading
412,polkadot,riding solid bullish momentum enabled stay green past hours maintain significant gains last seven days according tracking coingecko time writing changing hands
413,polkadot,hashkey capital global asset manager specializing crypto blockchain announced today final closing third fund hashkey fintech
414,polkadot,auto giant technology developed hackathon internal
415,polkadot,ether traded mostly little changed friday morning strong week prices mixed
416,polkadot,aviv israel february chainwire israel successful businesses come together organize first annual ethtlv february aviv inaugural event aims invigorate country thriving
417,polkadot,swing decentralized cross chain liquidity protocol announced today launch widget software developer enables cross chain
418,polkadot,lovevery global early childhood brand today announced launch stage based subscription play kits program australian market
419,polkadot,going allow assets move blockchains without high level risk inherent bridging
420,polkadot,data santiment shows number cryptocurrency market past month based development activity development activity last days according data chain analytics firm santiment
421,polkadot,alephzero added parachain alephzero zksnark based cryptocurrency added parachain network addition could likely improve state ecosystem however despite
422,polkadot,serious developers fazed crippling crypto prices developer count increasing throughout according recent report
423,polkadot,twitter cashtags feature expanded ether includes another market capitalization
424,polkadot,currently staking available crypto assets yields reportedly ranging
425,polkadot,aviv israel february chainwire daovoz collective excited announce inaugural daovoz aviv event february part festivities surrounding building blocks event focus needs builder
426,polkadot,works across chains smart contracts fungible tokens nfts also supports communication networks different consensus mechanisms founder gavin wood announced finally merged
427,polkadot,none ecosystem weekly digest revealed major updates happened network none performance metrics price fronts promising published latest edition ecosystem weekly digest january
428,polkadot,data santiment shows number cryptocurrency market past month based development activity development activity last days according data chain analytics firm santiment
429,polkadot,manga camiseta primer equipo activos club azulgrana lleva tiempo intentando rentabilizar nivel econ mico propuestas diferentes compa club para cerrar acuerdo sucediendo desde lleg
430,polkadot,going steady could hint price recovery even though funding rate plunged showing improvement time writing quick look price movement price weekly
431,polkadot,indigna invazia declan edintele vladimir putin trimit sume semnificative bani prin intermediul conform adjunctului ministrului ucrainean transform digitale alex borniakov relateaz yahoo finance
432,polkadot,since pioneered concept number blockchains sprung existence development smart contract blockchains cardano polygon previously matic resulted
433,polkadot,riding solid bullish momentum enabled stay green past hours maintain significant gains last seven days according tracking coingecko time writing changing hands tallying weekl
434,polkadot,comenzado febrero pero enero registr grandes hitos lider ranking blockchains mayor desarrollo acuerdo datos proofofgithub kusama liderado actividad desarrollo diario
435,polkadot,platform seen releases since start week twitter announcement gavin wood creator says exactly months development version emerged enables brid
436,polkadot,released version cross chain messaging format cross consensus messaging enhances different blockchains ecosystem code update successfully merged master branch
437,polkadot,last days highest number development activity user activity chain climbed period emerged leading blockchain terms development activity according santiment network reco
438,polkadot,ecosystem weekly digest revealed major updates happened network performance metrics price fronts promising published latest edition ecosystem weekly digest january highl
439,polkadot,upcoming developments growing number stakers could also drive interest according recent data provided consumed least amount electricity compared market friendlin
440,polkadot,development activity increased revenue declined stakers network remain undeterred volatility presented buying opportunities development activity soared past months token terminal reported january
441,polkadot,emelkednek kriptovalut amerikai infl adat kedvez fordul befektet hangulat zepette ezer doll felett amire napja volt
442,polkadot,second highest development activity price heavily disappointed since recovered lately faces resistance correct downwards buyers struggling break tech
443,polkadot,provides among several blockchains users maintaining high scalability speed processing transactions also known multichain network supports many parachains enabling developers build blockchai
0,bitcoin,price update follow recent price updates ismrzw
1,bitcoin,failed mine network docs tell kids fail mine omega coins uzhjvusazb
2,bitcoin,ninaturner living wage inflated away
3,bitcoin,stop thinking ordinals money fungible associating different rarity rdlib dooz
4,bitcoin,fungibility bitcoins equal difference another case djdxbnlv
5,bitcoin,jackfsweeney rule mention first date breathe bxxtsegrg
6,bitcoin,toni salvage trading look healthy double bottom imploded intrinsicly vownw
7,bitcoin,petermccormack save
8,bitcoin,donithedon annoying work
9,bitcoin,price price price efppjzkswg
10,bitcoin,resistance support crypto cryptotrading kxnmvb
11,bitcoin,borderless transactions sent anywhere world instantly fees without
12,bitcoin,russia largest private bank launches digital asset platform news qash yzcatic
13,bitcoin,went salvador pictures amazing trip looking forward taking world ziydkj
14,bitcoin,free market bitcoiners pissed free market action larp
15,bitcoin,mempool fees summary seconds mean median quant xwmxehd
16,bitcoin,mempool summary last seconds mean median quant sfniecmt
17,bitcoin,spotted poland
18,bitcoin,bankman fried entity owns robinhood stake goes bankrupt visit website full analysis hsgglutxm
19,bitcoin,goldenseries opensea aiia aiartwork artshare aiartcommunity nftproject nftcollector ether gokv
20,bitcoin,transparency transactions recorded public ledger called blockchain making possib jafr
21,bitcoin,possible narratives sbigpifc
22,bitcoin,entering short zone bearish turtle formation crypto cryptocurrency blockchain ssflqrqykg
23,bitcoin,price update follow recent price updates altcoin cryptocurrency crypto
24,bitcoin,badger digitalcrypto stillgray personally felt forced mean urmm
25,bitcoin,zrrkx
26,bitcoin,shoe rekt comment virus viruses cant stopped
27,bitcoin,american business intelligence company microstrategy recorded another quarterly loss calculating valu
28,bitcoin,biggest mistake made last cycle believing narratives clock
29,bitcoin,robholz michaelm crypto yogi stealyoredbull probably cause hashtag full scam udwzelk
30,bitcoin,binancecoin price update altcoin crypto tkkh
31,bitcoin,money root societal level problems nearly every problem hear bxpbtubslz
32,bitcoin,flipped
33,bitcoin,seen bottom bear cycle difficult hold least
34,bitcoin,method unusual whales cbdc massive threat proxy current fiat system vcwq
35,bitcoin,whole situation really makes want succeed
36,bitcoin,nuttero streaming sats cswright joelkatz likely retrieves keys
37,bitcoin,idea also working range rejected bottom fine mhxfoct
38,bitcoin,coinbureau whalechart coming years britain cbdc
39,bitcoin,cryptocurrency price jumps last minute
40,bitcoin,storj storj chart showing accuracy signals profit month aanpeivzdc
41,bitcoin,security transactions secured using cryptography making difficult falsify reverse prfrn
42,bitcoin,specter specter wallet likely easiest multisig srakubklow
43,bitcoin,especially relevant community elsalvador days wolves sheep clothing mkiigr
44,bitcoin,btcusdt macd cross uwafrnlnyg
45,bitcoin,second best part mtxamvsa
46,bitcoin,ericschmittnyt surprise resiliency isis world telegram cheap pogvj
47,bitcoin,badcharts danheld goes beyond charting
48,bitcoin,trade nothing except
49,bitcoin,goldenseries opensea aiia aiartwork artshare aiartcommunity nftproject nftcollector izscmx
50,bitcoin,neji found white vault location join playing coinhuntworld awesome pqfoifhmuz
51,bitcoin,maxis happens side hyperinflation buys bags soon pglbmgbmkd
52,bitcoin,people changing minds left right comes value crypto
53,bitcoin,dollar intraday downside prevails long resistance uqthjzfqp
54,bitcoin,price naks naks millionth qyuj
55,bitcoin,traditionally best quarters february march likely bulls qsdtgcwew
56,bitcoin,zerohedge ransom ware paid lmao
57,bitcoin,barusdt signal last signal mins volume chng gzcatkfjyw
58,bitcoin,slice wisdom delivered inbox weekly
59,bitcoin,bitbull exchange backed advanced digital financial infrastructure world securit osbjxa
60,bitcoin,sovmindset truly appreciate topics bring table often times hear bitcoiners nlbcmka
61,bitcoin,donation platform lets send directly people wallets need kind yqga qhzep
62,bitcoin,price update follow recent price updates axwblxf
63,bitcoin,idea storing images files blokchain anti censorship nature part utjghwqlm
64,bitcoin,bitpaine paxbi opensea hold nfts ipfs holds ekigoqo
65,bitcoin,thebitcoinconf wrong look happening likely pyramid scheme reaches xwgyo
66,bitcoin,think talks sentiment wanes feasible however seems strong support level gtsvji
67,bitcoin,hello shorts burned unlikely stay level long sure remind people igykjcqxvw
68,bitcoin,operates decentralized network meaning controlled single enti utinscbx
69,bitcoin,right personalities trying drum support
70,bitcoin,vitamin smashbaals think believe first also think able xbuwbpjj
71,bitcoin,account hacked help datascience datascientists innovation
72,bitcoin,network moved position topped list followed twitter accou bsuhfcm
73,bitcoin,bestask exchange wazirx price bestbid jjbw
74,bitcoin,today corz daily self mined last reported hour period corzq mfqwbxqsya
76,bitcoin,give openly need free free giveaway date link decl
77,bitcoin,offers several advantages traditional fiat currencies
78,bitcoin,igorlenterman good guys
79,bitcoin,week chancellor brink dalio jack frrsklb youtube
80,bitcoin,digital currencys unstopable ripple ether crypto cryptocurrency money ijjb
81,bitcoin,latest edition tokyo news amazon joins mint defense update nfts file hyntevao
82,bitcoin,green pump people shaken overleveraged longs hlvsrse
83,bitcoin,binancecoin price update altcoin crypto bcewasbsnm
84,bitcoin,select altcoins resume rally despite february slump
85,bitcoin,claiming free lightning sats bitcoiner zesty faucet boltcoiner unlock ejsiva
86,bitcoin,help social media snapchat instagram whatsapp gmail datascience flpgdcmuq
87,bitcoin,short term crypto bottom index bear market zone crypto price tmar
88,bitcoin,petermallouk fixes
89,bitcoin,stevedabitcoin
90,bitcoin,looks solid yklw
91,bitcoin,current price crypto
92,bitcoin,earnwithbm
93,bitcoin,darkfi crypto chance explode usually indicate cryptos bold project guag gous
95,bitcoin,find looking kismet coin rqblcbj cryptocurrency crypto token aohl
96,bitcoin,belisarius cswright joelkatz fake
97,bitcoin,powerful reversal pattern wait made clue anyone else mhwtkyyvbs
98,bitcoin,today corz daily self mined last reported hour period corzq
99,bitcoin,davincigraph utility nfts available sale jofesqkozk habr hbarnft hbarbarians kzftcp
100,polkadot,academy school buenos aires argentina kaidoh
101,polkadot,qodafinance defi lending borrowing protocol built moonbeam network best feature hybrid arvwyb
102,polkadot,future ready dive decentralized world bridging multiple blockchain wehaf xpsc
103,polkadot,specialists rank bitgert brise forward promising coin oorr
104,polkadot,markets ether biggest winner among cryptos iqko
105,polkadot,beamswapio polkadotfam nice
106,polkadot,excited project according project good good potential afdjziogcg
107,polkadot,cryptocurrency coin mentions past hour graph ppjjb
108,polkadot,juchkuduk pavnkvmr arya amsha king aryans never approve butter chicken kulcha
109,polkadot,beamswapio thank great edition
110,polkadot,qodafinance defi lending borrowing protocol built moonbeam network best feature hybrid bwhsija
111,polkadot,pink clothing made rompers design
112,polkadot,combined long liquidations last minute bybit binance huobi
113,polkadot,improve cosmos make cosmosibc generic cosmos hello
114,polkadot,quainetwork cool since interesting quai
115,polkadot,booklu nearprotocol think near good
116,polkadot,challenges faced moonbeam competition many compatible ffvri
117,polkadot,advantage moonbeam offer moonbeam makes easy dapp developers bring dapps polkad npvdl
118,polkadot,moonbeam layer compatible blockchain built using substr njpprgq
119,polkadot,qodafinance defi lending borrowing protocol built moonbeam network best feature hybrid cwwbmkhhe
120,polkadot,auction hits call crypto binance signals cryptocurrency trading puqda
121,polkadot,qodafinance moonriver moonbeam kusama qodex excatly bank people borr uzhexuseju
122,polkadot,yeah miami stellaswap blockchain quantummiami quantummiami cryptok hhvbthl
123,polkadot,hits call crypto binance signals cryptocurrency trading zcalooefrh
124,polkadot,stellaswap gavofyork explain differences pulsar amku mvkp
125,polkadot,qodafinance glad happy part beautiful community awesome project soon mjhsxr
126,polkadot,bullish newer blockchain technologies cardano ergo gxbs
127,polkadot,qodafinance defi lending borrowing protocol built moonbeam network best feature hybrid yoixduziye
128,polkadot,first positions leader board test instance legendary avatars unbelievable xvdsjw
129,polkadot,really cool strong project great facilities hope project achieve success kxkztsfaeg
130,polkadot,pavnkvmr arya amsha hahahaha punjabi even found funny
131,polkadot,zeitgeistpm winning parachain paraid ebldoc
132,polkadot,whole dwtc found summer junipyro used capsule nyyo
133,polkadot,cryptocito cosmos avalancheavax good video interesting audience
134,polkadot,qodafinance excited launch moonriver great news everyone many many thanks todzaide
135,polkadot,nickwh line drawn cosmoshub celestiaorg gets individual interchain security line
136,polkadot,subwalletapp kusamanetwork polkadotnews polkadotters
137,polkadot,qodex worthy interesting project helps community communicate currency unique creat xjlxe
138,polkadot,qodafinance project really happy part team project strong soon moon qoda pfdgnkk
139,polkadot,thekusamarian nickdouz ajunanetwork many thanks thekusamarian nickdouz awesome interview well qglwah
140,polkadot,qodafinance platform concept great future experienced team always working behind project wqok
141,polkadot,altcoindailyio every time
142,polkadot,state live link free quarterly report nickdgarcia tweet belo ckfq
143,polkadot,hawk tips multiple websites cross research efficiently research symbols install zcrzwm
144,polkadot,investors discovery waterdripfund invests innovation projects blockchain field proj jvlpvh
145,polkadot,apollo apollo associated light inspiration
146,polkadot,since love breakfast champions
147,polkadot,lovennft ordered shroom chocolate bars trips bars night hzxcgca
148,polkadot,qodafinance defi orderbook exchange hybrid unsecured secured fixed interest rate crypto loans built
149,polkadot,qodafinance amazing project love amazing concept extremely well developed professional team
150,polkadot,vidt hits call crypto binance signals cryptocurrency exgomn
151,polkadot,qodafinance project looks amazing always happy watching project grow success alway xvbu
152,polkadot,read soon chain coin world overtaking pscfv
153,polkadot,outlook solid opportunity short lose range high nice confluence mzsvdd
154,polkadot,qodafinance trusted defi project project goal intersting found defi project deferent scnbrvq
155,polkadot,attention crypto enthusiasts trending altcoins moment binance coin kraukexl
156,polkadot,looks equivalent building good come prepa uyisrzjo
157,polkadot,daily flip reject crypto
158,polkadot,qodafinance launched moonriver network great news usdc token available transactio
159,polkadot,solana guns barrier bulls buisbxf altcoinseason nfts txbdsfar
160,polkadot,krizzblo team members theunitnetwork mjlaya
161,polkadot,qodafinance project concept unique good flow project define makes project nice ihyf oijok
162,polkadot,qoda finance live moonriver network protocol launched market usdc announc tkqhonu
163,polkadot,qodafinance exciting news qodafinance launched moonriver network connecting moonbeam zbthfx
164,polkadot,exciting news qodafinance launched moonriver network connecting moonbeam wdrasbn
165,polkadot,beamswapio glmrapes finance legit want another albt
166,polkadot,opinionated canto model leave governance token grift behind onchain infra zguw
167,polkadot,beamswapio glmrapes glmrjungle great partnership lets grow moonbeam step step
168,polkadot,hits call crypto binance signals cryptocurrency trading avvkswbq
169,polkadot,skills land tech industry ibcmedia join discord platform nwyop
170,polkadot,february qodafinance launched moonriver network orderbook style marketplace exchange loans shsl
171,polkadot,learn online advance career courses programming coding ibcmedia join ukyaa elko
172,polkadot,nouvel event dotsocial paris march network fellow developers enth hfjesmvf
173,polkadot,hits call crypto binance signals cryptocurrency trading qplurelw
174,polkadot,great project future sure project compete projects keep supporti pvvire
175,polkadot,trend commits active devs iughdj
176,polkadot,qodafinance defi lending borrowing protocol built moonbeam network best feature hybrid ptpv
177,polkadot,qodafinance launching soon moonriver great strong project trust miss oqvudv
178,polkadot,member cross chain ecosystem phala provides high quality services enables possibilities
179,polkadot,infrastructure scaling solutions keys mass adoption keep cosmos solana
180,polkadot,benchmark sample validators commission collected rewards last eras selecti gkpc wysvq
181,polkadot,maximize returns save time expected annual return benchmark
182,polkadot,daftaryneel also polk helping solve governance issues enabling ecosystem govern
183,polkadot,someone please share post source nakamoto coefficient listed sueynh
184,polkadot,bearish cross confirmed chart crossing information toxgvsrskc
185,polkadot,upon expiry contract december usdcdec tokens redeemable underlyin orvdj
186,polkadot,daily crypto market review crypto binance doge cardano matic ozmhdoli
187,polkadot,qodafinance defi lending borrowing protocol built moonbeam network best feature hybridover ohqv
188,polkadot,qodafinance exciting news defi community qodafinance officially launched moonriver network jicoxb
189,polkadot,qodafinance officially launched moonriver network bringing innovative solutions table sohgfqvpmz
190,polkadot,moonriver moonbeam kusama qodex qodafinance qoda protocol defi lending borrowing protocol lojm uwcwr
191,polkadot,february qodafinance launched moonriver network orderbook style marketplace exchange loans deoy
192,polkadot,wadecance mrjacklevin ackebom jarosciak rjmark verasity xenczar xenheadsnfts crypto realflokiinu eokogfh
193,polkadot,ctxc hits call crypto binance signals cryptocurrency trading qxpj tobpy
194,polkadot,moonriver moonbeam kusama qodex qodafinance project wonderfull project team programe ojdle utwh
195,polkadot,qodafinance hashtags moonriver moonbeam kusama qodex meeraj kriyan viti
196,polkadot,jasmy hits call crypto binance signals cryptocurrency trading tzlqw caln
197,polkadot,much money would today invested years ifthlqho
198,polkadot,exchange good joint first time openion think best qodafinance krmi pryrd
199,polkadot,putting game logic chain nfts ajuna game chain space monkeys reddit yvidbplmr
200,tether,still issue withdrawing funds wallets send message fastbitra icerket
201,tether,still issue withdrawing funds wallets send message fastbitra icerket whvcg ioam
202,tether,felt twinge chest disturbing jolt realized panic wake onmx
203,tether,macrolife watrsabve believe ploy people eeieegroz
204,tether,used smart contracts biggest whales today luna wormholecrypto ptvxrucu
205,tether,kalahkay smell
206,tether,munnybagshawty charlotte come
207,tether,unclelukereal unclelukereal black american brought game
208,tether,crypto stats coin hjyn mpzm
209,tether,biggest losers trueusd tusd coin usdc nexo nexo usdt
210,tether,tell must live slippery mind want know
211,tether,usdt price change market ranking usdt
212,tether,paoloardoino thank
213,tether,bovada casino getbullish
214,tether,unclelukereal look another disingenuous space hosted lying black americans
215,tether,still lying black americans tethers gonna xopklf
216,tether,usdt price comparison wazirx usdt forex difference ztxk
217,tether,hello
218,tether,reminder crypto cryptocurrency market token blockchain usdt vyvrex
219,tether,active pets harness seatbelts cars trucks travel belt small large dogs mqtrpv idml hmtfm
220,tether,ipaspalski gavofyork yeah sure pulsar gives option choose ovwf
221,tether,price price price zmge
222,tether,nfer gavofyork juiced
223,tether,jack harlow hell vqbip
224,tether,johnlew betfred trying blocked think odds wrong
225,tether,crystal ball exposing biggest secret mseabe
226,tether,donaldjtrumpjr pelosi house
227,tether,blanchflower mrjamesob never revolution overthrow elite many nations aeff escd
228,tether,crypto prices solana binance coin cardano coin ripple inmjoyz
229,tether,hobbyshoptech ball king grade
230,tether,price price price cujftql
231,tether,crimlawuk government stoop scumminess corruption knows bounds
232,tether,mrjohnnicolson please could someone straight give johnson loan oqiuly
233,tether,burner please shut laayz akkkotzs making lousy fleeing africans look
234,tether,goldpearl jkmccrann berlin bridge sure anything current relevancy fqjcwo
235,tether,forecast usdt rank price fallen price volatility fvunokeh
236,tether,jimmycoops exactly bastard government wants
237,tether,brothahassan haitian revolution apart black history month stop vtpkyeng
238,tether,cleeeees read fight please stand depending bait partner oxpk
239,tether,woofkoof krassenstein marcorubio real leader would captured study ballonists could pqntr
240,tether,still issue withdrawing funds wallets send message fastbitra icerket usuxnr
241,tether,still issue withdrawing funds wallets send message fastbitra icerket puyi
242,tether,ghaukne wifeyalpha fair counterpoint think happen hurt crypto short term tomwwyvdzx
243,tether,wifeyalpha respectfully people calling unwind years maybe flkzwuljap
244,tether,crypto stats coin todmgxi
245,tether,bullish jasmy moon jasmy community bullish binance mexc coinbase kucoin
246,tether,roliy depends authorities around shutting fraud lack backing euipjceo
247,tether,ghaukne wifeyalpha binance traditional banks trouble ogyww
248,tether,usdt price change market ranking usdt
249,tether,planettyrus potus used balloon could find enough string kite china
250,tether,ever weird rhythm stranger going grocery store together every single sucjqfsvua
251,tether,blockvvenus rtadragon reeve collins blockv smartmedia tech zhsxzl
252,tether,benshapiro claimed would aggression made actually hoped onqjwwwbrj
253,tether,crypto fractional reserve banking real think keeping alive mstr
254,tether,lord enki ryan thebabylonbee lightning network really care vztnasw
255,tether,skin letting fester
256,tether,troylindsey ryan thebabylonbee without mass transactions different companies able create wgac
257,tether,boresniac world currency
258,tether,percentbtc implodes everyone crypto knows price inflated literally everyone
259,tether,kick feet move forever sail lift
260,tether,price price price mrmmy
261,tether,bovada casino
262,tether,somewhere start woahh congrats
263,tether,still issue withdrawing funds wallets send message fastbitra icerket
264,tether,still issue withdrawing funds wallets send message fastbitra icerket lvjudwtgqt
265,tether,lifeoffitz howdy know send direct tweet tweet opinion
266,tether,bassettsfilm manal love unbeeakable zombies froever rmovj svwx
267,tether,price price price efppjzkswg
268,tether,thevoice another fled know mind business homeland
269,tether,metrics signal crypto market resistance hold despite handful coins gwqfdjhybt
270,tether,know trade
271,tether,crypto exchanges owned people shell companies fewer fifteen people contr nlojjhti
272,tether,nawt park thinking single inferno calm downsbsiahaja
273,tether,dart head head radiates pulsing bladder stone pain feet activating gnzvmr
274,tether,next level hypocrisy dishonesty adam back defends saying follow money urlh qhtqf
275,tether,think mural story precisely caused people trawling facebook likes tcscskgnj
276,tether,official printed billions tethers exchange shitcoins behalf ponzi scheme ftkc
277,tether,reality check overwhelming majority trading wash trading fraudulent exchanges xbursyxsed
278,tether,ponzi print fake digital dollars pump social media fake digital gold xrtaazdf
279,tether,merjazz nasescobar long rider support reparations good xpsi hnkk
280,tether,okay
281,tether,reportedly spun wildly pumping price globes interview celsius founder lgbpxkqa
282,tether,credit limits exposure would eventually reportedl afmdp osbr
283,tether,usdt price change market ranking usdt
284,tether,cryptogeek printing usdt nothing increasing risk black swan
285,tether,crypto news today decision hindi urdu rofnufeu
286,tether,credit devil
287,tether,still issue withdrawing funds wallets send message fastbitra icerket jiwnttpuit
288,tether,starting tomorrow returning streaming taking week helped want back chaos
289,tether,brawday driven brazen cheating lover condoni zpss dxhah
290,tether,kacharle donithedon deflecting angry classic
291,tether,ronansetron nurse probably reported trouble obviously mxqioeb
292,tether,customwetware kareem carr models dedicated math sure speed past even cixp
293,tether,come blocked hanateratera
294,tether,next bull aldi accepts
295,tether,price price price asbrobr
296,tether,still issue withdrawing funds wallets send message fastbitra icerket tlnxi
297,tether,work curated post publish read write articles kcpek
298,tether,still issue withdrawing funds wallets send message fastbitra icerket hmbyhavsac
299,tether,vincentcrypt internet outage would blessing know phone live florida vffuztb
300,tether,stellaswap gavofyork explain differences pulsar amku mvkp
301,dogecoin,current doge price crypto tothemoon
302,dogecoin,nftkingforever pomeranian make biggest come back history crypto mark words ofeowhu
303,dogecoin,michaeldoge spadersnfts lionelclone stacyloveskatz tesladarth ccuntamed misswyoming draganamusk urhp jedqi
304,dogecoin,mintsolananft pomeranian make biggest come back history crypto mark words tubvvhrlc
305,dogecoin,prediction result deal close doge entry entry price qyuaf
306,dogecoin,shiba price rebounds record lows upside ahead erin
307,dogecoin,shibinfo shiba price rebounds record lows upside ahead erin
308,dogecoin,rally works shib eyes highly anticipated shibarium shibariumgems plus shib wxdxfpf
309,dogecoin,nikoone fixes aanb
310,dogecoin,popular crypto trader predicted could move near future caused invest swqsdnc
311,dogecoin,ready maximize crypto portfolio stay ahead curve must investments mdkwno
312,dogecoin,current doge price crypto tothemoon
313,dogecoin,breaking news oamg crypto binance altcoins sand doge luna coinbase wohd
314,dogecoin,popular crypto trader predicted could move near future caused invest
315,dogecoin,breaking news ogfm crypto binance altcoins sand doge luna coinbase nqzzict
316,dogecoin,check latest live price cryptocurrency click glxnso
317,dogecoin,dogebunker doge doge tweeter wfcioagank
318,dogecoin,generated superhero wlknc
319,dogecoin,drrug still bullish elon
320,dogecoin,keep building king safemoon safemoon safemoonarmy bscgem bscgemsalert binance gsqtg mdwh
321,dogecoin,current doge price crypto tothemoon
322,dogecoin,indicator also valid cryptos doge cardano even forextrading
323,dogecoin,babydogecoin coingecko baby moon
324,dogecoin,failed
325,dogecoin,hail shardeum doge shaun shaun nischalshetty thinks shardeumdoge interesting recipe lifting temb lbek
326,dogecoin,believe doge dogefam vgbkaf
327,dogecoin,last update babydoge babydogecoin dogearmy dogeswap
328,dogecoin,whole world decide help situation turkey overcome peopl amrdzwiue
329,dogecoin,doge elonmusk breaking investor believes elon musk second coming christ
330,dogecoin,price
331,dogecoin,dormant wallet wakes dead doge price surge incoming eywyppockj
332,dogecoin,price price price nzwbz
333,dogecoin,ripple doge
334,dogecoin,elonmusk popular coins crypto world
335,dogecoin,current doge price crypto tothemoon
336,dogecoin,bnbbombs cointigerex dogrmytoken checked thse doge rewards atuhbyt
337,dogecoin,price prediction price rise doge apiece binance target price njssvv
338,dogecoin,tried
339,dogecoin,current doge price crypto tothemoon
340,dogecoin,invested tesla nvidia apple microsoft amazon years worth hczy ncayk
342,dogecoin,twitter payments npci payment india doge billym elonmusk tesla elonmusk
343,dogecoin,elonmusk please something doge
344,dogecoin,ibrahim shmorten ratioscrazy hows
345,dogecoin,doge article shiba elon musk favorite meme coin knockoff rallies days
346,dogecoin,prediction result deal close doge entry entry price fvmkphqzwz
347,dogecoin,twitter payments npci payment india doge billym elonmusk tesla
348,dogecoin,doge elonmusk deepfake elon made joke skit hustle scam ceazbiagee
349,dogecoin,current doge price crypto tothemoon
350,dogecoin,averywalker tesla elonmusk tesla teslapodcast dillonloomis sawyermerritt zixqmjaf
351,dogecoin,blockworks hope test preference public option important
352,dogecoin,trade doge
353,dogecoin,ethereumfair group help explain clearly happen ethf fork fork successful
354,dogecoin,esatoshiclub realflokiinu samoyedcoin dogelonmars back succeed
355,dogecoin,babydogecoin thanks bitmart giveaway preciou jnrgwhills nomor kator
356,dogecoin,hurry award waiting click hbjaa
357,dogecoin,current doge price crypto tothemoon
358,dogecoin,theunderdoge next time monday
359,dogecoin,deeply appreciative jury unanimous finding innocence tesla private case ulocxxh
360,dogecoin,creator says annoyed elon musk tried send doge moon binancettc techtreescoin
361,dogecoin,shiba price rebounds record lows upside ahead shib price technicals hint saysau
362,dogecoin,ruble minute withdrawal instant register afrilf tron klnzwzjgrs
363,dogecoin,business long supply liquidity liquidity enhances utility value learn economics better
364,dogecoin,babydoge cryptos world beginning babydogearmy gkoaaa
365,dogecoin,good morning community forget good everyday doge especially today tdwrfojvyg
366,dogecoin,huge doge giveaway give worth doge random follower every rules nszlsxh
367,dogecoin,current doge price crypto tothemoon
368,dogecoin,sagittarius sagittarius adventure started joke become popular adventurous cryptocurrency
369,dogecoin,doge article dormant wallet wakes dead doge price surge incoming zpyywwlshq omfi
370,dogecoin,obstacle cannot overcome strength comes people want live
371,dogecoin,breaking news fsfnb fvaa crypto binance altcoins sand doge luna coinbase
372,dogecoin,margexcom rose
373,dogecoin,dormant wallet wakes dead doge price surge incoming pnficsoup
374,dogecoin,current price
375,dogecoin,crypto stats coin xzwzfm
376,dogecoin,shib looks continue road recovery rtxkpcmcsc shiba shibainu shibarmy crypto cryptotrading
377,dogecoin,dormant wallet wakes dead doge price surge incoming wulkwbelya
378,dogecoin,current doge price crypto tothemoon
379,dogecoin,doge price change market ranking doge
380,dogecoin,superhero wzbkwmdl
381,dogecoin,genius engine world billym dogefam doge fqbmvyy
382,dogecoin,meme coins might keep captivated roboape doge monero enigma sellorders
383,dogecoin,saving gpxd cvnfb
384,dogecoin,doge movbmhkcfy
385,dogecoin,doge doge dbbowcvnub
386,dogecoin,bloomberg knows rolcm ugnqetxx
387,dogecoin,elonmusk doge explode soon elonmusk
388,dogecoin,archive require type government even education destroy exchanged
389,dogecoin,immr mydogeofficial ownthedoge djdoge mrnixn whitneywalker missydogelover kawator ysmac ykkx
390,dogecoin,shiba shib rallies shibaswap bone gets listed crypto exchange bitget doge rival cxmwqlmozw
391,dogecoin,current doge price crypto tothemoon
392,dogecoin,earth coin basic level nfts nftgiveaway nftartist nftcollector nftcommmunity ixzy
393,dogecoin,doge
394,dogecoin,internet currency
395,dogecoin,earth coin basic level nfts nftgiveaway nftartist nftcollector nftcommmunity vpqrhdey
396,dogecoin,horse racing odds shortening vxbcwl trainers intentions selections tajgmrgo ccshor
397,dogecoin,price predictions daily performance read prediction ybpstmvs bitcoins wuwylrpmky
398,dogecoin,doge posts modest losses response news jupiter overtakes saturn planet known moons
399,dogecoin,miss miss shibainu miss miss babydoge babydogecoin next babydogearmy gvscpqrt
400,dogecoin,doge waiting levels tested start looking positions doge hhzk jvgot
401,dogecoin,doge current price doge doge
402,dogecoin,current doge price crypto tothemoon
403,dogecoin,dogeusdt long limit doge doge dxyu zwwdc
404,dogecoin,bdzhrktv elon musk favorite altcoins price next rally mask
405,dogecoin,invested tesla nvidia apple microsoft amazon years worth puudquklhg